{
  "images" : [
    {
      "filename" : "Everest_North_Face_toward_Base_Camp_Tibet_Luca_Galuzzi_2006.jpg",
      "idiom" : "universal",
      "scale" : "1x"
    },
    {
      "filename" : "Everest_North_Face_toward_Base_Camp_Tibet_Luca_Galuzzi_2006-1.jpg",
      "idiom" : "universal",
      "scale" : "2x"
    },
    {
      "filename" : "Everest_North_Face_toward_Base_Camp_Tibet_Luca_Galuzzi_2006-2.jpg",
      "idiom" : "universal",
      "scale" : "3x"
    }
  ],
  "info" : {
    "author" : "xcode",
    "version" : 1
  }
}
